{
    "mass": {
        "mc_nominal": 3.8261361983559694,
        "mc_flow": 3.8261361983559694
    }
}