{
    "probe_pfChargedIso": {
        "mc_nominal": 25.39103003864073,
        "mc_flow": 8.953659637320637
    }
}