{
    "mass": {
        "mc_nominal": 14.676743776922404,
        "mc_flow": 14.676743776922404
    }
}